CID,REGION
EG-27305,Gharbia
EG-27188,El-Sharqia
EG-27049,Qalyubia
EG-27360,El-Sharqia
EG-27236,Alex
EG-27243,Monufia
EG-27182,Gharbia
EG-27354,Gharbia
EG-27198,Alexandria
EG-27191,Cairo
EG-27242,
EG-27367,Dakahlia
EG-27014,cairo
EG-27064,GZ
EG-27122,Monufia
EG-27042,GZ
EG-27203,Qalyubia
EG-27080,cairo
EG-27276,Alexandria
EG-27113,Monufia
EG-27345,Monufia
EG-27095,El-Sharqia
EG-27318,Alexandria
EG-27273,Qalyubia
EG-27336,Qalyoubia
EG-27116,Alex
EG-27054,GZ
EG-27357,Cairo
EG-27089,Dakahlia
EG-27125,Qalyubia
EG-27172,CAI
EG-27282,Mansoura Gov
EG-27349,Qalyubia
EG-27393,Alexandria
EG-27069,Dakahlia
EG-27024,ALX
EG-27277,Cairo
EG-27339,cairo
EG-27034,Mansoura Gov
EG-27035,Monufia
EG-27303,Gharbia
EG-27395,Dakahlia
EG-27314,
EG-27394,
EG-27173,Qalyoubia
EG-27011,Alexandria
EG-27251,Cairo
EG-27163,
EG-27281,Cairo
EG-27009,ALX
EG-27259,Dakahlia
EG-27398,Monufia
EG-27309,
EG-27304,
EG-27247,Mansoura Gov
EG-27120,
EG-27187,CAI
EG-27286,Qalyubia
EG-27266,GZ
EG-27071,Gharbia
EG-27142,ALX
EG-27327,Qalyoubia
EG-27150,Qalyubia
EG-27330,ALX
EG-27055,Gharbia
EG-27222,Alex
EG-27245,CAI
EG-27067,Alex
EG-27302,Qalyubia
EG-27328,cairo
EG-27257,Gharbia
EG-27361,Mansoura Gov
EG-27374,El-Sharqia
EG-27316,El-Sharqia
EG-27137,Dakahlia
EG-27019,Qalyoubia
EG-27171,Gharbia
EG-27338,Gharbia
EG-27180,
EG-27358,Monufia
EG-27092,Alex
EG-27386,GZ
EG-27165,Mansoura Gov
EG-27229,Dakahlia
EG-27147,El-Sharqia
EG-27073,Sharqia
EG-27102,Alexandria
EG-27200,Cairo
EG-27227,Qalyubia
EG-27186,Monufia
EG-27388,Qalyubia
EG-27010,CAI
EG-27181,GZ
EG-27352,Alex
EG-27086,El-Sharqia
EG-27018,Gharbia
EG-27130,
EG-27397,cairo
EG-27297,El-Sharqia
EG-27232,Gharbia
EG-27301,Alex
EG-27255,El-Sharqia
EG-27162,Cairo
EG-27239,Gharbia
EG-27214,Qalyubia
EG-27006,Sharqia
EG-27056,Giza
EG-27038,Qalyoubia
EG-27004,Monufia
EG-27329,El-Sharqia
EG-27343,Sharqia
EG-27076,Sharqia
EG-27278,
EG-27396,
EG-27146,
EG-27197,Alex
EG-27161,Monufia
EG-27157,Qalyubia
EG-27002,cairo
EG-27072,Sharqia
EG-27033,Mansoura Gov
EG-27194,
EG-27036,Qalyoubia
EG-27141,Alex
EG-27344,Giza
EG-27241,CAI
EG-27392,ALX
EG-27050,Monufia
EG-27093,Sharqia
EG-27189,Gharbia
EG-27284,Gharbia
EG-27348,
EG-27075,Sharqia
EG-27160,Qalyubia
EG-27218,
EG-27109,Alex
EG-27040,Gharbia
EG-27252,
EG-27211,Qalyoubia
EG-27059,Sharqia
EG-27383,Qalyubia
EG-27262,Dakahlia
EG-27158,El-Sharqia
EG-27045,Cairo
EG-27135,cairo
EG-27132,cairo
EG-27235,Mansoura Gov
EG-27260,Alex
EG-27025,Qalyubia
EG-27085,CAI
EG-27117,Cairo
EG-27295,Sharqia
EG-27129,ALX
EG-27021,Monufia
EG-27261,Monufia
EG-27183,Giza
EG-27091,CAI
EG-27289,Alexandria
EG-27342,Qalyubia
EG-27106,Monufia
EG-27015,CAI
EG-27212,Qalyoubia
EG-27101,Sharqia
EG-27079,Gharbia
EG-27377,Cairo
EG-27155,Sharqia
EG-27008,
EG-27376,Giza
EG-27057,
EG-27202,Sharqia
EG-27140,Monufia
EG-27156,cairo
EG-27028,Dakahlia
EG-27308,Mansoura Gov
EG-27115,Qalyubia
EG-27159,
EG-27230,Mansoura Gov
EG-27333,
EG-27372,El-Sharqia
EG-27066,Gharbia
EG-27096,Qalyubia
EG-27114,Giza
EG-27368,cairo
EG-27271,Qalyubia
EG-27177,Gharbia
EG-27228,Qalyoubia
EG-27111,Qalyoubia
EG-27020,Cairo
EG-27077,Gharbia
EG-27208,Gharbia
EG-27370,Alexandria
EG-27283,Dakahlia
EG-27119,Gharbia
EG-27138,ALX
EG-27022,Qalyoubia
EG-27168,Sharqia
EG-27288,Cairo
EG-27110,cairo
EG-27269,Dakahlia
EG-27389,Mansoura Gov
EG-27315,Mansoura Gov
EG-27167,El-Sharqia
EG-27000,
EG-27039,Monufia
EG-27063,Monufia
EG-27195,ALX
EG-27351,Monufia
EG-27088,Sharqia
EG-27384,
EG-27238,Gharbia
EG-27123,Alex
EG-27144,Gharbia
EG-27216,Qalyoubia
EG-27299,Alexandria
EG-27139,Sharqia
EG-27053,Gharbia
EG-27196,
EG-27274,Monufia
EG-27193,
EG-27207,CAI
EG-27306,
EG-27270,Qalyubia
EG-27225,Dakahlia
EG-27221,Sharqia
EG-27131,CAI
EG-27169,Dakahlia
EG-27032,Gharbia
EG-27346,Alex
EG-27375,Sharqia
EG-27378,Gharbia
EG-27126,
EG-27233,Giza
EG-27263,
EG-27098,Gharbia
EG-27090,Gharbia
EG-27143,Alex
EG-27005,Sharqia
EG-27026,cairo
EG-27322,Alexandria
EG-27320,Giza
EG-27381,Gharbia
EG-27104,Mansoura Gov
EG-27184,Monufia
EG-27254,Monufia
EG-27112,Alexandria
EG-27134,Monufia
EG-27399,Dakahlia
EG-27048,Sharqia
EG-27206,Alexandria
EG-27300,CAI
EG-27237,
EG-27118,Qalyoubia
EG-27285,El-Sharqia
EG-27323,Monufia
EG-27253,Alex
EG-27151,
EG-27029,Gharbia
EG-27107,Gharbia
EG-27105,Alex
EG-27136,Alex
EG-27078,El-Sharqia
EG-27244,Cairo
EG-27037,
EG-27061,Mansoura Gov
EG-27324,Gharbia
EG-27044,ALX
EG-27043,
EG-27152,Monufia
EG-27084,El-Sharqia
EG-27103,
EG-27373,
EG-27387,CAI
EG-27275,CAI
EG-27256,Qalyubia
EG-27250,El-Sharqia
EG-27385,Alexandria
EG-27046,Sharqia
EG-27347,
EG-27290,
EG-27062,
EG-27267,
EG-27003,Gharbia
EG-27272,Gharbia
EG-27313,
EG-27310,Gharbia
EG-27065,Gharbia
EG-27170,Monufia
EG-27179,ALX
EG-27312,Monufia
EG-27051,El-Sharqia
EG-27380,Qalyubia
EG-27350,Monufia
EG-27231,Alex
EG-27164,GZ
EG-27215,Mansoura Gov
EG-27176,Gharbia
EG-27337,Gharbia
EG-27128,
EG-27121,Sharqia
EG-27265,Qalyoubia
EG-27209,
EG-27094,El-Sharqia
EG-27353,Monufia
EG-27311,Monufia
EG-27205,El-Sharqia
EG-27292,Sharqia
EG-27319,Giza
EG-27082,Mansoura Gov
EG-27220,
EG-27083,Qalyoubia
EG-27369,Qalyoubia
EG-27219,Gharbia
EG-27335,ALX
EG-27070,Mansoura Gov
EG-27356,Dakahlia
EG-27224,Alexandria
EG-27204,El-Sharqia
EG-27371,Qalyubia
EG-27100,Monufia
EG-27145,GZ
EG-27264,Alex
EG-27074,Qalyubia
EG-27332,Qalyoubia
EG-27031,cairo
EG-27213,Qalyubia
EG-27001,Qalyubia
EG-27199,Qalyoubia
EG-27279,
EG-27291,Gharbia
EG-27099,Giza
EG-27175,
EG-27166,Gharbia
EG-27268,Sharqia
EG-27127,Alexandria
EG-27363,Gharbia
EG-27355,Giza
EG-27087,El-Sharqia
EG-27149,Mansoura Gov
EG-27334,ALX
EG-27041,Mansoura Gov
EG-27027,
EG-27366,Mansoura Gov
EG-27210,CAI
EG-27287,
EG-27223,
EG-27068,Cairo
EG-27226,Mansoura Gov
EG-27081,cairo
EG-27249,Sharqia
EG-27108,Alexandria
EG-27364,El-Sharqia
EG-27154,Monufia
EG-27124,
EG-27007,Mansoura Gov
EG-27174,Gharbia
EG-27012,CAI
EG-27016,cairo
EG-27382,
EG-27058,Gharbia
EG-27294,Monufia
EG-27298,El-Sharqia
EG-27280,cairo
EG-27321,El-Sharqia
EG-27017,Gharbia
EG-27359,Dakahlia
EG-27013,Sharqia
EG-27133,Cairo
EG-27217,Qalyubia
EG-27293,Dakahlia
EG-27240,
EG-27097,Sharqia
EG-27023,
EG-27391,Qalyubia
EG-27052,Sharqia
EG-27325,cairo
EG-27258,Alex
EG-27153,Gharbia
EG-27296,CAI
EG-27185,Qalyoubia
EG-27201,cairo
EG-27331,Sharqia
EG-27192,cairo
EG-27190,Alex
EG-27317,Giza
EG-27234,Cairo
EG-27326,El-Sharqia
EG-27365,Giza
EG-27341,Gharbia
EG-27030,Gharbia
EG-27248,Alex
EG-27178,
EG-27307,Alexandria
EG-27390,Monufia
EG-27060,Alex
