cst_id,cst_key,cst_firstname,cst_lastname,cst_marital_status,cst_gndr,cst_create_date
27750,EG00027750,Khaled,Fathy,married,m,2025-12-16
27751,EG00027751,Mahmoud,Gaber,married,,2025-12-07
27752,EG00027752,Shaimaa,Ali ,single,Female,2025-12-15
27753,EG00027753, Nour,Rashad,S,f,2025-12-05
27754,EG00027754,Ayman,Farid,single,Male,2025-12-23
27755,EG00027755,Hassan,Ali,married,m,2025-12-25
27756,EG00027756,Aya,Gaber,M,Female,2025-12-28
27757,EG00027757,Sherif,Ibrahim,M,,2025-12-27
27758,EG00027758,Mostafa,Nabil,married,m,2025-12-16
27759,EG00027759,Mahmoud,Ali,M,M,2025-12-21
27760,EG00027760,Ayman,Gaber,S,m,2025-12-25
27761,EG00027761,Heba,Kamel ,M,Female,2025-12-23
27762,EG00027762,Radwa,Nabil,,f,2025-12-13
27763,EG00027763,Radwa,Abdel Rahman,M,F,2025-12-17
27764,EG00027764,Tarek,Mahmoud,,,2025-12-26
27765,EG00027765,Mariam,Zaki,,f,2025-12-09
27766,EG00027766,Aya,El-Masry,M,Female,2025-12-08
27767,EG00027767,Nourhan,El-Sayed,S,f,2025-12-23
27768,EG00027768,Yasmin,Farid ,,f,2025-12-30
27769,EG00027769, Radwa,Mahmoud,,F,2025-12-14
27770,EG00027770,Aliaa,Abdel Rahman,single,,2025-12-21
27771,EG00027771,Mona,Tolba ,S,,2025-12-16
27772,EG00027772,Ahmed,Fouad,M,,2025-12-19
27773,EG00027773,Doaa,Ali,M,f,2025-12-26
27774,EG00027774,Dina,Tolba,married,,2025-12-08
27775,EG00027775,Mohamed,Hamdy,M,m,2025-12-23
27776,EG00027776,Adel,Tolba,M,m,2025-12-22
27777,EG00027777,Hend,Abdel Rahman ,,,2025-12-18
27778,EG00027778,Ali,Kamel,,,2025-12-15
27779,EG00027779,Ibrahim,Ali,single,,2025-12-07
27780,EG00027780,Salma,Farid,S,F,2025-12-20
27781,EG00027781,Aliaa,Zaki,single,f,2025-12-19
27782,EG00027782,Ali,Ali,M,M,2025-12-18
27783,EG00027783,Eman,Kamel,M,f,2025-12-21
27784,EG00027784,Radwa,Hamdy,M,,2025-12-08
27785,EG00027785,Yasmin,El-Masry ,married,,2025-12-12
27786,EG00027786, Mariam,Fouad,S,f,2025-12-31
27787,EG00027787, Sameh,Tolba ,S,m,2025-12-26
27788,EG00027788,Ahmed,El-Masry,M,,2025-12-04
27789,EG00027789,Sherif,Farid,S,M,2025-12-29
27790,EG00027790,Adel,Ibrahim,S,m,2025-12-06
27791,EG00027791,Tarek,Nabil,single,,2025-12-11
27792,EG00027792,Wael,Ezzat,M,,2025-12-12
27793,EG00027793,Sara,Nabil,,f,2025-12-07
27794,EG00027794,Amr,Saad,single,M,2025-12-06
27795,EG00027795,Doaa,Hassan,,Female,2025-12-15
27796,EG00027796,Salma,El-Sayed,,Female,2025-12-31
27797,EG00027797,Hany,Ibrahim,S,,2025-12-05
27798,EG00027798,Ayman,Kamel,M,Male,2025-12-26
27799,EG00027799,Ashraf,Farid,S,,2025-12-04
27800,EG00027800,Mostafa,Farid,single,M,2025-12-24
27801,EG00027801,Ahmed,Hassan,M,,2025-12-13
27802,EG00027802,Mohamed,El-Sayed ,M,,2025-12-10
27803,EG00027803,Amr,Saad,S,m,2025-12-05
27804,EG00027804, Ayman,Nabil,S,,2025-12-06
27805,EG00027805,Karim,Ibrahim,married,M,2025-12-19
27806,EG00027806,Nour,Hassan,M,Female,2025-12-09
27807,EG00027807,Rana,Gaber ,married,,2025-12-11
27808,EG00027808,Doaa,Rashad,,Female,2025-12-01
27809,EG00027809,Mostafa,Kamel,M,Male,2025-12-22
27810,EG00027810,Yasmin,Mahmoud,M,F,2025-12-10
27811,EG00027811, Ahmed,Shawky,M,Male,2025-12-31
27812,EG00027812,Aliaa,Mahmoud,S,,2025-12-20
27813,EG00027813,Adel,Tolba,M,M,2025-12-02
27814,EG00027814, Salma,Tolba ,S,f,2025-12-22
27815,EG00027815,Aya,Farid,M,,2025-12-17
27816,EG00027816,Shaimaa,Ibrahim ,single,,2025-12-26
27817,EG00027817,Doaa,Mahmoud,,,2025-12-11
27818,EG00027818,Sameh,Zaki,S,m,2025-12-27
27819,EG00027819,Sara,Abdel Rahman,single,,2025-12-07
27820,EG00027820,Sameh,Ibrahim,S,Male,2025-12-22
27821,EG00027821,Mahmoud,Farid,,Male,2025-12-21
27822,EG00027822,Nour,Ibrahim,M,f,2025-12-30
27823,EG00027823,Mohamed,Rashad,M,m,2025-12-23
27824,EG00027824,Khaled,Fouad,,m,2025-12-10
27825,EG00027825,Youssef,Hassan,S,,2025-12-15
27826,EG00027826,Radwa,Abdel Rahman,single,Female,2025-12-04
27827,EG00027827,Hend,Hassan,S,f,2025-12-09
27828,EG00027828,Karim,Ali,M,Male,2025-12-16
27829,EG00027829,Nour,Hamdy,single,f,2025-12-23
27830,EG00027830,Mohamed,Gaber,S,M,2025-12-28
27831,EG00027831,Yasmin,El-Masry ,,,2025-12-26
27832,EG00027832,Aya,Ali,M,f,2025-12-23
27833,EG00027833,Omar,Gaber,,m,2025-12-05
27834,EG00027834,Mohamed,Tolba ,M,m,2025-12-29
27835,EG00027835,Mariam,Fouad,S,f,2025-12-21
27836,EG00027836,Mariam,El-Masry,S,,2025-12-05
27837,EG00027837,Heba,Fouad,S,F,2025-12-20
27838,EG00027838,Yasmin,Rashad,M,,2025-12-20
27839,EG00027839,Omar,Shawky ,M,,2025-12-17
27840,EG00027840,Heba,Nabil,M,Female,2025-12-24
27841,EG00027841,Nour,Kamel ,M,Female,2025-12-30
27842,EG00027842, Rana,Ali,,Female,2025-12-07
27843,EG00027843,Ali,Ali,M,Male,2025-12-20
27844,EG00027844,Nour,Fathy ,married,f,2025-12-20
27845,EG00027845, Adel,Saad,married,m,2025-12-18
27846,EG00027846,Rana,Fouad,single,Female,2025-12-10
27847,EG00027847,Sara,Saad,,Female,2025-12-20
27848,EG00027848, Ali,Tolba,married,,2025-12-17
27849,EG00027849,Doaa,Rashad,S,F,2025-12-13
27850,EG00027850,Karim,Shawky,,Male,2025-12-20
27851,EG00027851,Sara,Ezzat,,F,2025-12-06
27852,EG00027852,Wael,Hamdy ,,M,2025-12-11
27853,EG00027853,Ahmed,El-Sayed,M,,2025-12-26
27854,EG00027854,Aliaa,Mahmoud,,f,2025-12-12
27855,EG00027855, Adel,Nabil,married,,2025-12-19
27856,EG00027856,Khaled,Kamel,M,Male,2025-12-17
27857,EG00027857,Mariam,Nabil,M,Female,2025-12-06
27858,EG00027858,Omar,Kamel ,single,Male,2025-12-10
27859,EG00027859,Salma,Saad ,single,Female,2025-12-25
27860,EG00027860,Fatma,Ibrahim ,married,F,2025-12-29
27861,EG00027861,Wael,Ali,single,,2025-12-08
27862,EG00027862,Ayman,Gaber,single,,2025-12-01
27863,EG00027863,Heba,El-Masry,M,f,2025-12-31
27864,EG00027864,Mariam,Nabil ,M,F,2025-12-15
27865,EG00027865,Hend,Fathy,M,,2025-12-03
27866,EG00027866,Reem,Ezzat ,,F,2025-12-09
27867,EG00027867,Youssef,El-Sayed,married,,2025-12-14
27868,EG00027868,Aliaa,Ezzat,,f,2025-12-13
27869,EG00027869, Amr,Kamel,single,M,2025-12-14
27870,EG00027870,Heba,Hassan,single,F,2025-12-23
27871,EG00027871,Sara,Hassan,,,2025-12-29
27872,EG00027872,Mahmoud,El-Masry,,m,2025-12-09
27873,EG00027873,Aliaa,Rashad ,single,,2025-12-09
27874,EG00027874,Ibrahim,Ibrahim,M,m,2025-12-05
27875,EG00027875,Heba,Zaki,married,Female,2025-12-23
27876,EG00027876,Radwa,Fathy,M,Female,2025-12-28
27877,EG00027877,Ayman,El-Sayed,M,Male,2025-12-31
27878,EG00027878,Ali,Hassan,single,Male,2025-12-13
27879,EG00027879,Sherif,Shawky,M,Male,2025-12-30
27880,EG00027880,Mariam,Ezzat,S,f,2025-12-13
27881,EG00027881, Mostafa,Tolba,M,M,2025-12-05
27882,EG00027882,Shaimaa,Mahmoud,M,F,2025-12-20
27883,EG00027883,Aya,El-Masry,S,F,2025-12-10
27884,EG00027884,Hassan,Ali,M,Male,2025-12-13
27885,EG00027885,Mostafa,Hassan ,M,Male,2025-12-08
27886,EG00027886,Ahmed,Hamdy,M,,2025-12-23
27887,EG00027887, Sherif,Fathy,single,,2025-12-25
27888,EG00027888,Hany,Nabil,single,m,2025-12-16
27889,EG00027889,Radwa,El-Sayed,S,f,2025-12-16
27890,EG00027890,Fatma,El-Sayed,single,,2025-12-25
27891,EG00027891,Karim,Saad,M,Male,2025-12-27
27892,EG00027892,Aliaa,Zaki,single,F,2025-12-19
27893,EG00027893,Sara,Farid,married,,2025-12-12
27894,EG00027894,Fatma,Ibrahim ,M,,2025-12-27
27895,EG00027895,Karim,Gaber,,Male,2025-12-17
27896,EG00027896,Ahmed,Shawky,S,,2025-12-12
27897,EG00027897,Doaa,Fathy,married,,2025-12-29
27898,EG00027898, Fatma,El-Sayed,S,f,2025-12-17
27899,EG00027899,Wael,Saad,M,,2025-12-01
27900,EG00027900,Mostafa,Tolba,S,m,2025-12-22
27901,EG00027901,Amr,Shawky,M,Male,2025-12-25
27902,EG00027902,Adel,Hassan,,Male,2025-12-31
27903,EG00027903,Yasmin,Fathy,S,F,2025-12-06
27904,EG00027904,Tarek,Ezzat,M,m,2025-12-23
27905,EG00027905,Doaa,Ezzat,S,Female,2025-12-28
27906,EG00027906,Mohamed,Fouad,single,M,2025-12-24
27907,EG00027907, Nourhan,Farid,S,Female,2025-12-19
27908,EG00027908,Hassan,Fathy,,M,2025-12-11
27909,EG00027909,Mahmoud,Kamel,S,m,2025-12-04
27910,EG00027910,Mostafa,Rashad,single,M,2025-12-06
27911,EG00027911,Sameh,Hassan,M,Male,2025-12-29
27912,EG00027912,Eman,Ali,S,Female,2025-12-09
27913,EG00027913,Ali,Hassan ,M,m,2025-12-08
27914,EG00027914,Nourhan,Nabil,M,Female,2025-12-08
27915,EG00027915,Khaled,Nabil,M,Male,2025-12-26
27916,EG00027916,Nourhan,Farid,S,Female,2025-12-30
27917,EG00027917,Nourhan,Rashad,S,,2025-12-10
27918,EG00027918,Sherif,Hamdy,M,M,2025-12-25
27919,EG00027919,Wael,Rashad,M,M,2025-12-28
27920,EG00027920, Radwa,Abdel Rahman,,F,2025-12-05
27921,EG00027921,Doaa,El-Masry,M,f,2025-12-01
27922,EG00027922,Ashraf,Zaki,,Male,2025-12-13
27923,EG00027923,Yasmin,Ali,single,,2025-12-11
27924,EG00027924,Heba,Rashad,S,f,2025-12-23
27925,EG00027925,Ali,Saad,S,,2025-12-29
27926,EG00027926,Mona,Hamdy,S,,2025-12-23
27927,EG00027927,Eman,Zaki,,F,2025-12-12
27928,EG00027928,Fatma,Fathy,married,f,2025-12-28
27929,EG00027929,Wael,Shawky,M,Male,2025-12-25
27930,EG00027930,Heba,Tolba,single,,2025-12-12
27931,EG00027931, Salma,El-Masry,S,,2025-12-12
27932,EG00027932,Hassan,Mahmoud ,single,,2025-12-25
27933,EG00027933,Nour,Hassan,M,Female,2025-12-27
27934,EG00027934, Sara,Farid ,,F,2025-12-29
27935,EG00027935,Rana,Farid,M,,2025-12-06
27936,EG00027936,Marwa,Abdel Rahman,M,,2025-12-30
27937,EG00027937, Wael,Fathy,,m,2025-12-10
27938,EG00027938,Mostafa,Tolba ,M,M,2025-12-02
27939,EG00027939,Radwa,Rashad,M,,2025-12-04
27940,EG00027940, Hend,Tolba,single,,2025-12-26
27941,EG00027941,Youssef,El-Sayed,M,Male,2025-12-22
27942,EG00027942,Salma,Hassan,M,F,2025-12-16
27943,EG00027943, Sherif,Mahmoud,single,,2025-12-12
27944,EG00027944,Adel,Gaber ,S,Male,2025-12-12
27945,EG00027945,Marwa,Shawky,,f,2025-12-05
27946,EG00027946, Karim,Mahmoud,married,Male,2025-12-24
27947,EG00027947,Aliaa,Nabil,M,F,2025-12-03
27948,EG00027948,Amr,Nabil ,M,,2025-12-28
27949,EG00027949, Youssef,El-Masry,M,,2025-12-17
27950,EG00027950,Mariam,Rashad,M,f,2025-12-04
27951,EG00027951, Mostafa,El-Masry,S,,2025-12-23
27952,EG00027952,Marwa,Abdel Rahman,S,F,2025-12-24
27953,EG00027953,Mostafa,Farid,S,m,2025-12-14
27954,EG00027954,Rana,El-Sayed,married,F,2025-12-18
27955,EG00027955,Fatma,Ibrahim,S,Female,2025-12-01
27956,EG00027956,Dina,Zaki,M,Female,2025-12-17
27957,EG00027957, Hassan,Shawky,married,m,2025-12-09
27958,EG00027958,Salma,Ibrahim,single,Female,2025-12-30
27959,EG00027959,Tarek,Nabil ,M,Male,2025-12-13
27960,EG00027960,Nourhan,Hassan,M,F,2025-12-08
27961,EG00027961,Khaled,Tolba,S,M,2025-12-30
27962,EG00027962, Nourhan,Hassan,married,F,2025-12-13
27963,EG00027963,Marwa,Ibrahim,M,,2025-12-22
27964,EG00027964,Ibrahim,Hassan,married,m,2025-12-30
27965,EG00027965,Ayman,Ibrahim,S,,2025-12-22
27966,EG00027966,Rana,Zaki,M,F,2025-12-09
27967,EG00027967,Mohamed,Hassan,S,Male,2025-12-06
27968,EG00027968, Dina,Ali,M,Female,2025-12-28
27969,EG00027969,Radwa,El-Sayed ,,,2025-12-30
27970,EG00027970,Mariam,Abdel Rahman,S,F,2025-12-04
27971,EG00027971,Eman,Zaki,M,Female,2025-12-19
27972,EG00027972,Hassan,Fouad,single,,2025-12-14
27973,EG00027973,Sherif,Tolba,M,M,2025-12-29
27974,EG00027974,Nourhan,Fouad,,f,2025-12-24
27975,EG00027975,Sherif,Gaber ,M,m,2025-12-26
27976,EG00027976,Omar,El-Masry,single,M,2025-12-25
27977,EG00027977,Fatma,Saad,S,,2025-12-04
27978,EG00027978,Marwa,Ibrahim,M,Female,2025-12-08
27979,EG00027979,Aliaa,Fathy,S,Female,2025-12-15
27980,EG00027980,Khaled,Farid,,m,2025-12-11
27981,EG00027981,Mariam,El-Masry,M,f,2025-12-20
27982,EG00027982,Hassan,Farid,,M,2025-12-29
27983,EG00027983,Hany,Kamel,M,,2025-12-02
27984,EG00027984,Mostafa,Hassan ,single,,2025-12-06
27985,EG00027985,Sara,Kamel,S,f,2025-12-14
27986,EG00027986,Omar,Ibrahim ,M,m,2025-12-01
27987,EG00027987,Tarek,Abdel Rahman,M,Male,2025-12-27
27988,EG00027988,Ibrahim,Abdel Rahman,single,m,2025-12-08
27989,EG00027989, Wael,Abdel Rahman,M,,2025-12-27
27990,EG00027990,Sameh,Hamdy ,single,M,2025-12-10
27991,EG00027991,Khaled,Saad,S,M,2025-12-01
27992,EG00027992,Aliaa,Zaki,M,,2025-12-24
27993,EG00027993,Ayman,Hamdy,S,m,2025-12-27
27994,EG00027994,Amr,Saad,S,m,2025-12-04
27995,EG00027995,Aya,Fouad,married,F,2025-12-26
27996,EG00027996,Aya,Fouad,M,Female,2025-12-09
27997,EG00027997,Mahmoud,Ezzat,S,Male,2025-12-30
27998,EG00027998,Ahmed,Saad,married,M,2025-12-15
27999,EG00027999,Ahmed,Saad,S,m,2025-12-03
27290,EG00027290,Reem,Shawky,M,F,2025-12-31
22350,EG00022350,Ali,Tolba,M,M,2025-12-18
21927,EG00021927,Wael,El-Masry,S,M,2025-12-30
20018,EG00020018,Doaa,Farid,M,F,2025-12-02
24428,EG00024428,Tarek,Nabil,M,M,2025-12-04
24199,EG00024199,Heba,Tolba,S,F,2025-12-09
22409,EG00022409,Marwa,Ali,M,F,2025-12-01
24574,EG00024574,Fatma,Hamdy,S,F,2025-12-15
26199,EG00026199,Ashraf,Ali,M,M,2025-12-12
23312,EG00023312,Salma,Tolba,M,F,2025-12-21
25985,EG00025985,Ali,Hassan,M,M,2025-12-22
20266,EG00020266,Khaled,Kamel,S,M,2025-12-04
23491,EG00023491,Ibrahim,Fouad,M,M,2025-12-06
26972,EG00026972,Sherif,Tolba,M,M,2025-12-01
22155,EG00022155,Ali,Hamdy,S,M,2025-12-21
25327,EG00025327,Hassan,Fouad,S,M,2025-12-14
20973,EG00020973,Youssef,Ali,S,M,2025-12-13
27606,EG00027606,Nour,Shawky,S,F,2025-12-10
27719,EG00027719,Heba,Ali,S,F,2025-12-05
22444,EG00022444,Fatma,Saad,S,F,2025-12-04
22459,EG00022459,Salma,Fouad,S,F,2025-12-09
26046,EG00026046,Eman,Zaki,M,F,2025-12-10
21263,EG00021263,Heba,Tolba,S,F,2025-12-21
22971,EG00022971,Ali,Tolba,M,M,2025-12-13
26115,EG00026115,Hassan,Shawky,S,M,2025-12-13
26621,EG00026621,Shaimaa,El-Masry,M,F,2025-12-07
27255,EG00027255,Marwa,Ali,M,F,2025-12-21
25655,EG00025655,Khaled,Zaki,S,M,2025-12-01
20408,EG00020408,Mostafa,Nabil,M,M,2025-12-14
24651,EG00024651,Marwa,Abdel Rahman,M,F,2025-12-30
27099,EG00027099,Marwa,Tolba,S,F,2025-12-10
25548,EG00025548,Reem,Tolba,S,F,2025-12-14
23126,EG00023126,Wael,Farid,M,M,2025-12-28
24743,EG00024743,Tarek,Kamel,S,M,2025-12-12
21573,EG00021573,Fatma,Abdel Rahman,M,F,2025-12-16
22033,EG00022033,Dina,Tolba,M,F,2025-12-31
26399,EG00026399,Radwa,Kamel,S,F,2025-12-28
24070,EG00024070,Hassan,Abdel Rahman,S,M,2025-12-09
22719,EG00022719,Ashraf,Abdel Rahman,M,M,2025-12-11
25730,EG00025730,Marwa,Ali,M,F,2025-12-07
23979,EG00023979,Reem,Gaber,M,F,2025-12-06
24701,EG00024701,Omar,Farid,S,M,2025-12-07
25594,EG00025594,Youssef,Ibrahim,S,M,2025-12-20
20399,EG00020399,Mahmoud,Ibrahim,S,M,2025-12-03
20826,EG00020826,Nourhan,Zaki,S,F,2025-12-22
22673,EG00022673,Ali,Gaber,S,M,2025-12-23
27834,EG00027834,Mohamed,Tolba,S,M,2025-12-18
22912,EG00022912,Youssef,Hamdy,S,M,2025-12-04
27840,EG00027840,Heba,Nabil,S,F,2025-12-07
20137,EG00020137,Aya,Ezzat,M,F,2025-12-16
24335,EG00024335,Ashraf,El-Sayed,S,M,2025-12-30
24471,EG00024471,Adel,Fouad,S,M,2025-12-29
20008,EG00020008,Marwa,Mahmoud,S,F,2025-12-31
27110,EG00027110,Hend,Zaki,M,F,2025-12-24
23506,EG00023506,Doaa,El-Sayed,M,F,2025-12-26
21655,EG00021655,Ashraf,Mahmoud,S,M,2025-12-28
24692,EG00024692,Ibrahim,Abdel Rahman,M,M,2025-12-18
22783,EG00022783,Mona,Abdel Rahman,M,F,2025-12-30
24264,EG00024264,Salma,Hamdy,S,F,2025-12-23
22361,EG00022361,Mariam,Rashad,M,F,2025-12-28
22722,EG00022722,Mariam,Ibrahim,M,F,2025-12-31
22224,EG00022224,Khaled,Hassan,M,M,2025-12-17
22844,EG00022844,Aya,Ibrahim,M,F,2025-12-30
20055,EG00020055,Sameh,Hamdy,S,M,2025-12-27
25140,EG00025140,Ibrahim,Ezzat,S,M,2025-12-31
22626,EG00022626,Hassan,Nabil,S,M,2025-12-14
27348,EG00027348,Nour,Fouad,M,F,2025-12-02
25787,EG00025787,Ayman,Ali,S,M,2025-12-08
25409,EG00025409,Adel,Ibrahim,S,M,2025-12-22
25286,EG00025286,Adel,Ibrahim,S,M,2025-12-16
21481,EG00021481,Shaimaa,Hamdy,S,F,2025-12-26
27937,EG00027937,Wael,Fathy,M,M,2025-12-20
27489,EG00027489,Radwa,Fathy,S,F,2025-12-04
24940,EG00024940,Aliaa,Hassan,M,F,2025-12-02
23186,EG00023186,Hassan,Hamdy,M,M,2025-12-10
22817,EG00022817,Dina,El-Sayed,S,F,2025-12-20
21957,EG00021957,Wael,El-Masry,S,M,2025-12-09
23953,EG00023953,Ayman,Ali,M,M,2025-12-31
20376,EG00020376,Hend,Ezzat,M,F,2025-12-16
26933,EG00026933,Sara,Nabil,S,F,2025-12-17
27097,EG00027097,Sherif,Zaki,M,M,2025-12-08
27540,EG00027540,Karim,Abdel Rahman,M,M,2025-12-27
22082,EG00022082,Aliaa,Ali,S,F,2025-12-28
23883,EG00023883,Yasmin,Zaki,M,F,2025-12-06
23366,EG00023366,Nourhan,El-Masry,M,F,2025-12-24
25943,EG00025943,Adel,Fathy,S,M,2025-12-03
24115,EG00024115,Mahmoud,Hassan,M,M,2025-12-25
27262,EG00027262,Hassan,Ibrahim,S,M,2025-12-22
20504,EG00020504,Hend,Mahmoud,M,F,2025-12-17
24982,EG00024982,Mariam,Mahmoud,M,F,2025-12-19
